id,단어,품사,뜻,예문,레벨,카테고리,소분류,그림 종류,장면
"able","able","형용사","~할 수 있는","She is able to speak three languages.","5","상태","능력","none",""
"absolute","absolute","형용사","완전한, 절대적인","I have absolute trust in you.","5","상태","정도","none",""
"accent","accent","명사","말씨, 억양","He speaks English with a French accent.","5","생각/소통","말","none",""
"accept","accept","동사","받아들이다","Please accept my apology.","5","동작","주고받기","scene","아이가 두 손으로 선물을 받으며 웃는 장면"
"access","access","명사","접근, 이용","Students have access to the library.","5","사회/제도","이용","none",""
"accident","accident","명사","사고","He hurt his leg in a car accident.","5","일상생활","사건","scene","자전거가 넘어져 있고 아이가 무릎을 잡고 앉아 있는 장면(다친 모습 없이)"
"accuse","accuse","동사","비난하다, 고발하다","They accused him of lying.","5","사회/제도","법","none",""
"achieve","achieve","동사","이루다, 성취하다","She worked hard to achieve her goal.","5","동작","노력","scene","산꼭대기에 올라 두 팔을 번쩍 든 아이"
"adapt","adapt","동사","적응하다","Animals adapt to cold weather.","5","동작","변화","none",""
"admire","admire","동사","존경하다, 감탄하다","I admire my grandfather.","5","감정","좋아함","none",""
"admit","admit","동사","인정하다, 입장을 허락하다","He admitted his mistake.","5","생각/소통","말","none",""
"adopt","adopt","동사","입양하다, 채택하다","They adopted a puppy from the shelter.","5","동작","돌봄","scene","가족이 강아지를 안고 집으로 데려오는 장면"
"advance","advance","동사","나아가다, 발전하다","Science advances every year.","5","동작","변화","none",""
"advantage","advantage","명사","유리한 점, 장점","Being tall is an advantage in basketball.","5","생각/소통","판단","none",""
"adventure","adventure","명사","모험","We went on an adventure in the forest.","5","취미/오락","여행","scene","배낭을 멘 아이가 지도를 들고 숲길을 걷는 장면"
"advertise","advertise","동사","광고하다","They advertise the new phone on TV.","5","일/경제","장사","none",""
"advice","advice","명사","조언, 충고","Can you give me some advice?","5","생각/소통","말","none",""
"advise","advise","동사","조언하다","The doctor advised me to rest.","5","생각/소통","말","none",""
"affair","affair","명사","일, 사건","It is a private affair.","5","사회/제도","사건","none",""
"affect","affect","동사","영향을 주다","Weather can affect your mood.","5","동작","변화","none",""
"afford","afford","동사","~할 여유가 있다","I cannot afford a new bike.","5","일/경제","돈","none",""
"agent","agent","명사","대리인, 요원","A travel agent booked our tickets.","5","직업","일","none",""
"aid","aid","명사","도움, 원조","They sent food aid to the village.","5","사회/제도","도움","none",""
"aim","aim","명사","목표, 겨냥","My aim is to pass the test.","5","생각/소통","계획","object","과녁 한가운데 꽂힌 화살"
"airline","airline","명사","항공사","Which airline are you flying with?","5","교통","비행","none",""
"alarm","alarm","명사","경보, 알람","The alarm rang at seven.","5","사물","집 물건","object","종이 달린 알람 시계가 울리며 흔들리는 모습(숫자 없이)"
"alcohol","alcohol","명사","술, 알코올","Alcohol is bad for your health.","5","건강/질병","해로운 것","none",""
"alive","alive","형용사","살아 있는","The fish is still alive.","5","상태","생명","none",""
"allow","allow","동사","허락하다","My parents allow me to stay up late.","5","생각/소통","허락","none",""
"aloud","aloud","부사","소리 내어","Please read the story aloud.","5","교실 영어","말하기","scene","아이가 책을 펴고 입을 크게 벌려 읽는 장면(글자 없이)"
"alter","alter","동사","바꾸다, 고치다","We had to alter our plans.","5","동작","변화","none",""
"although","although","접속사","비록 ~이지만","Although it rained, we went out.","5","기능어","연결","none",""
"altogether","altogether","부사","모두 합쳐, 완전히","There are ten of us altogether.","5","기능어","정도","none",""
"amaze","amaze","동사","놀라게 하다","The magic trick amazed everyone.","5","감정","놀람","none",""
"amount","amount","명사","양, 액수","A small amount of salt is enough.","5","숫자/시간","양","none",""
"amuse","amuse","동사","즐겁게 하다","The clown amused the children.","5","감정","기쁨","none",""
"analysis","analysis","명사","분석","The analysis of the data took a week.","5","학문/지식","연구","none",""
"angel","angel","명사","천사","She sang like an angel.","5","독해/이야기","이야기 인물","object","날개와 동그란 후광이 있는 귀여운 천사"
"anger","anger","명사","화, 분노","He shouted in anger.","5","감정","화","none",""
"announce","announce","동사","발표하다, 알리다","The teacher announced the test date.","5","생각/소통","말","none",""
"annoy","annoy","동사","짜증 나게 하다","The noise annoys me.","5","감정","화","none",""
"annual","annual","형용사","해마다의","Our school has an annual festival.","5","숫자/시간","주기","none",""
"anxious","anxious","형용사","걱정하는, 불안한","I feel anxious before a test.","5","감정","걱정","none",""
"apart","apart","부사","떨어져","The two houses are far apart.","5","위치/방향","거리","none",""
"appeal","appeal","동사","호소하다, 마음을 끌다","The idea appeals to me.","5","생각/소통","말","none",""
"appear","appear","동사","나타나다, ~처럼 보이다","A rainbow appeared in the sky.","5","동작","변화","none",""
"apply","apply","동사","지원하다, 적용하다","She applied for the job.","5","일/경제","일","none",""
"appoint","appoint","동사","임명하다, 정하다","They appointed her class leader.","5","사회/제도","조직","none",""
"appreciate","appreciate","동사","고마워하다, 진가를 알다","I really appreciate your help.","5","감정","고마움","none",""
"approach","approach","동사","다가가다","The cat approached the bird slowly.","5","동작","움직임","none",""
"appropriate","appropriate","형용사","알맞은","Wear appropriate clothes for hiking.","5","상태","판단","none",""
"argue","argue","동사","말다툼하다, 주장하다","They argue about small things.","5","생각/소통","말","none",""
"army","army","명사","군대","His brother joined the army.","5","사회/제도","나라","none",""
"arrange","arrange","동사","정리하다, 마련하다","She arranged the books by size.","5","동작","정리","scene","아이가 책을 크기 순서대로 책꽂이에 꽂는 장면"
"arrest","arrest","동사","체포하다","The police arrested the thief.","5","사회/제도","법","none",""
"article","article","명사","기사, 글","I read an article about space.","5","학문/지식","글","none",""
"aside","aside","부사","옆으로, 따로","She put her phone aside.","5","위치/방향","방향","none",""
"asleep","asleep","형용사","잠든","The baby is fast asleep.","5","상태","사람 상태","scene","아기가 이불을 덮고 곤히 자는 장면"
"assess","assess","동사","평가하다","Teachers assess students fairly.","5","학문/지식","평가","none",""
"assign","assign","동사","맡기다, 배정하다","The teacher assigned us homework.","5","교실 영어","과제","none",""
"assist","assist","동사","돕다","A nurse assists the doctor.","5","동작","돌봄","none",""
"associate","associate","동사","연관 짓다","I associate summer with the beach.","5","생각/소통","생각","none",""
"assume","assume","동사","가정하다, 짐작하다","I assume you are hungry.","5","생각/소통","생각","none",""
"atmosphere","atmosphere","명사","분위기, 대기","The cafe has a warm atmosphere.","5","환경","공기","none",""
"attach","attach","동사","붙이다","Attach the photo to the paper.","5","동작","손 동작","scene","아이가 종이에 사진을 풀로 붙이는 장면"
"attack","attack","동사","공격하다","The dog did not attack anyone.","5","동작","싸움","none",""
"attempt","attempt","명사","시도","He passed on his second attempt.","5","동작","노력","none",""
"attend","attend","동사","참석하다, 다니다","I attend a middle school.","5","동작","학교","none",""
"attention","attention","명사","주의, 관심","Pay attention to the teacher.","5","교실 영어","태도","none",""
"attitude","attitude","명사","태도","She has a positive attitude.","5","성격","태도","none",""
"attract","attract","동사","끌다, 마음을 끌다","Flowers attract bees.","5","동작","변화","none",""
"audience","audience","명사","관객, 청중","The audience clapped loudly.","5","취미/오락","공연","scene","공연장 객석에 앉아 박수치는 사람들"
"automatic","automatic","형용사","자동의","This is an automatic door.","5","과학기술","기계","none",""
"average","average","명사","평균","My average score is eighty.","5","숫자/시간","수","none",""
"avoid","avoid","동사","피하다","Try to avoid junk food.","5","동작","움직임","none",""
"awake","awake","형용사","깨어 있는","I was awake all night.","5","상태","사람 상태","none",""
"award","award","명사","상","She won an award for her painting.","5","행사/활동","대회","object","리본이 달린 트로피"
"aware","aware","형용사","알고 있는","Are you aware of the danger?","5","생각/소통","앎","none",""
"awkward","awkward","형용사","어색한, 서투른","There was an awkward silence.","5","감정","불편함","none",""
"background","background","명사","배경","The photo has a blue background.","5","학문/지식","미술","none",""
"bacon","bacon","명사","베이컨","I had bacon and eggs for breakfast.","5","음식","고기","object","접시에 담긴 구운 베이컨 몇 줄"
"balance","balance","명사","균형","He lost his balance and fell.","5","상태","몸 상태","scene","아이가 두 팔을 벌리고 평균대 위를 걷는 장면"
"bang","bang","명사","쾅 하는 소리","The door closed with a bang.","5","독해/이야기","소리","none",""
"bar","bar","명사","막대, 술집","She ate a chocolate bar.","5","사물","모양","object","포장지를 반쯤 벗긴 초콜릿 바"
"bare","bare","형용사","벌거벗은, 맨","He walked on the sand with bare feet.","5","외모","몸","none",""
"bark","bark","동사","짖다","The dog barks at strangers.","5","동물","동물 행동","scene","강아지가 입을 벌리고 짖는 장면"
"basis","basis","명사","기초, 근거","Trust is the basis of friendship.","5","학문/지식","개념","none",""
"battle","battle","명사","전투","The battle lasted three days.","5","사회/제도","나라","none",""
"bay","bay","명사","만(바다)","Boats are sitting in the bay.","5","자연/날씨","바다","object","산으로 둘러싸인 잔잔한 바다와 작은 배 몇 척"
"beer","beer","명사","맥주","Beer is a drink for adults.","5","음식","음료","none",""
"beg","beg","동사","간청하다, 구걸하다","The dog begged for food.","5","생각/소통","말","none",""
"belief","belief","명사","믿음","It is my belief that he is honest.","5","생각/소통","생각","none",""
"belong","belong","동사","~에 속하다","This bag belongs to me.","5","상태","관계","none",""
"bend","bend","동사","구부리다, 굽히다","Bend your knees slowly.","5","동작","몸 동작","scene","아이가 무릎을 굽혀 스트레칭하는 장면"
"beneath","beneath","전치사","~의 아래에","The cat hid beneath the table.","5","위치/방향","위치","none",""
"benefit","benefit","명사","이익, 혜택","Exercise has many benefits.","5","생각/소통","판단","none",""
"bet","bet","동사","내기하다, 장담하다","I bet you will like this movie.","5","취미/오락","놀이","none",""
"beyond","beyond","전치사","~너머에","The village is beyond the hill.","5","위치/방향","거리","none",""
"billion","billion","수사","10억","There are billions of stars.","5","숫자/시간","큰 수","none",""
"bin","bin","명사","쓰레기통, 통","Put the paper in the bin.","5","사물","집 물건","object","뚜껑 달린 쓰레기통"
"bind","bind","동사","묶다","Bind the sticks with a rope.","5","동작","손 동작","none",""
"bit","bit","명사","조금, 작은 조각","I am a bit tired.","5","숫자/시간","양","none",""
"bite","bite","동사","물다","The dog will not bite you.","5","동작","입 동작","scene","아이가 사과를 한 입 크게 베어 무는 장면"
"blame","blame","동사","탓하다","Don't blame others for your mistake.","5","생각/소통","말","none",""
"blank","blank","형용사","빈, 공백의","Write your name in the blank space.","5","교실 영어","시험","object","아무것도 쓰이지 않은 흰 종이 한 장"
"bless","bless","동사","축복하다","May God bless you.","5","인사/표현","기원","none",""
"blind","blind","형용사","눈이 먼, 보이지 않는","The dog helps the blind man.","5","건강/질병","몸 상태","none",""
"bloom","bloom","동사","꽃이 피다","Roses bloom in June.","5","자연/날씨","식물","object","활짝 핀 꽃과 아직 봉오리인 꽃"
"bomb","bomb","명사","폭탄","The bomb did not go off.","5","사회/제도","나라","none",""
"bond","bond","명사","유대, 끈","There is a strong bond between them.","5","사람/가족","관계","none",""
"boom","boom","명사","쿵 소리, 급성장","We heard a loud boom.","5","독해/이야기","소리","none",""
"boot","boot","명사","부츠, 장화","Wear your boots in the snow.","5","옷","신발","object","긴 장화 한 켤레"
"bore","bore","동사","지루하게 하다","Long speeches bore me.","5","감정","지루함","none",""
"boss","boss","명사","상사, 사장","My boss is very kind.","5","직업","일","none",""
"bother","bother","동사","괴롭히다, 귀찮게 하다","Don't bother your sister.","5","감정","불편함","none",""
"brake","brake","명사","브레이크","Check the brakes on your bike.","5","교통","탈것 부품","object","자전거 손잡이의 브레이크 레버"
"brand","brand","명사","상표, 브랜드","This is my favorite brand of shoes.","5","쇼핑","물건","none",""
"breast","breast","명사","가슴","I ate chicken breast for lunch.","5","몸","몸통","none",""
"breath","breath","명사","숨","Take a deep breath.","5","몸","숨","none",""
"breathe","breathe","동사","숨 쉬다","Fish breathe under water.","5","동작","몸 동작","none",""
"brick","brick","명사","벽돌","The house is made of red bricks.","5","재료","건축","object","쌓여 있는 붉은 벽돌 몇 장"
"brief","brief","형용사","짧은, 간단한","He gave a brief answer.","5","상태","길이","none",""
"brilliant","brilliant","형용사","훌륭한, 눈부신","That is a brilliant idea!","5","상태","평가","none",""
"broad","broad","형용사","넓은","He has broad shoulders.","5","크기","넓이","none",""
"bubble","bubble","명사","거품, 비눗방울","The kids are blowing bubbles.","5","장난감","놀이","scene","아이가 비눗방울을 불고 방울이 떠다니는 장면"
"budget","budget","명사","예산","We have a small budget for the trip.","5","돈","계획","none",""
"bug","bug","명사","벌레","There is a bug on the leaf.","5","동물","곤충","object","잎사귀 위의 작은 무당벌레"
"bump","bump","동사","부딪치다","I bumped my head on the door.","5","동작","움직임","none",""
"bunch","bunch","명사","다발, 송이","She bought a bunch of grapes.","5","숫자/시간","묶음","object","포도 한 송이와 꽃 한 다발"
"burst","burst","동사","터지다","The balloon burst suddenly.","5","동작","변화","object","터지는 순간의 풍선(조각이 흩어지는 모습)"
"bury","bury","동사","묻다","The dog buried a bone.","5","동작","손 동작","scene","강아지가 땅을 파고 뼈다귀를 묻는 장면"
"bush","bush","명사","덤불","A rabbit hid in the bush.","5","자연/날씨","식물","object","동글동글한 초록 덤불"
"cable","cable","명사","전선, 케이블","Plug in the cable.","5","과학기술","전기","object","돌돌 말린 충전 케이블"
"cage","cage","명사","우리, 새장","The bird is in a cage.","5","동물","동물 집","object","작은 새가 들어 있는 새장"
"calculate","calculate","동사","계산하다","Calculate the total price.","5","학문/지식","수학","none",""
"capable","capable","형용사","~할 능력이 있는","She is capable of doing it alone.","5","상태","능력","none",""
"cape","cape","명사","망토, 곶","The hero wears a red cape.","5","옷","겉옷","object","빨간 망토"
"career","career","명사","직업, 경력","She wants a career in music.","5","직업","일","none",""
"carpet","carpet","명사","카펫","The cat is sleeping on the carpet.","5","집/가구","거실","object","무늬가 있는 네모난 카펫"
"cast","cast","동사","던지다, 배역을 맡기다","He cast his fishing line into the lake.","5","동작","손 동작","none",""
"castle","castle","명사","성","The king lives in a castle.","5","장소","건물","object","탑과 깃발이 있는 성"
"catalog","catalog","명사","목록, 카탈로그","I looked at the toy catalog.","5","쇼핑","물건","none",""
"category","category","명사","범주, 종류","Put the words into three categories.","5","학문/지식","분류","none",""
"cause","cause","명사","원인","What was the cause of the fire?","5","생각/소통","이유","none",""
"cell","cell","명사","세포, 작은 방","Our bodies are made of cells.","5","과학","생물","none",""
"century","century","명사","100년, 세기","We live in the twenty-first century.","5","숫자/시간","기간","none",""
"chain","chain","명사","사슬, 체인","The bike chain came off.","5","사물","도구","object","고리가 이어진 쇠사슬"
"chairman","chairman","명사","의장, 회장","The chairman opened the meeting.","5","직업","일","none",""
"challenge","challenge","명사","도전","Climbing the mountain was a big challenge.","5","동작","노력","none",""
"champion","champion","명사","우승자","She is the world champion.","5","스포츠","대회","scene","시상대 가운데에서 트로피를 든 아이"
"channel","channel","명사","채널, 수로","Change the TV channel, please.","5","취미/오락","방송","none",""
"characteristic","characteristic","명사","특징","Kindness is her best characteristic.","5","성격","특징","none",""
"charge","charge","동사","충전하다, 요금을 청구하다","I need to charge my phone.","5","과학기술","전기","object","충전기에 꽂혀 충전 중인 휴대폰(화면 글자 없이)"
"charm","charm","명사","매력","The old town has a lot of charm.","5","성격","특징","none",""
"chart","chart","명사","도표","Look at the chart on page ten.","5","학문/지식","자료","object","막대그래프가 그려진 종이(글자·숫자 없이)"
"chase","chase","동사","뒤쫓다","The dog chased the cat.","5","동작","움직임","scene","강아지가 고양이를 뒤쫓아 달리는 장면"
"chat","chat","동사","수다 떨다","We chat online every night.","5","생각/소통","말","none",""
"chew","chew","동사","씹다","Chew your food well.","5","동작","입 동작","none",""
"chief","chief","형용사","주된, 최고의","Rice is our chief food.","5","상태","중요함","none",""
"chip","chip","명사","칩, 조각","I ate a bag of potato chips.","5","음식","간식","object","그릇에 담긴 감자칩"
"choice","choice","명사","선택","You made a good choice.","5","생각/소통","판단","none",""
"chop","chop","동사","썰다","Chop the onions into small pieces.","5","동작","요리","scene","도마 위에서 채소를 써는 장면"
"cigarette","cigarette","명사","담배","Cigarettes are harmful to your body.","5","건강/질병","해로운 것","none",""
"cinema","cinema","명사","영화관","We went to the cinema last night.","5","장소","놀이 장소","object","큰 스크린과 의자가 줄지어 있는 영화관 안"
"circumstance","circumstance","명사","상황, 환경","Under the circumstances, we had to wait.","5","생각/소통","상황","none",""
"citizen","citizen","명사","시민","Every citizen has the right to vote.","5","사회/제도","사람","none",""
"civil","civil","형용사","시민의","They fought for civil rights.","5","사회/제도","사람","none",""
"claim","claim","동사","주장하다","He claims that he saw a ghost.","5","생각/소통","말","none",""
"client","client","명사","고객, 의뢰인","The lawyer met her client.","5","일/경제","장사","none",""
"cliff","cliff","명사","절벽","Do not go near the cliff.","5","자연/날씨","땅","object","바다 위로 솟은 높은 절벽"
"climate","climate","명사","기후","The climate here is warm and dry.","5","환경","날씨","none",""
"clip","clip","명사","클립, 짧은 영상","Hold the papers with a clip.","5","학교/문구","문구","object","종이 몇 장을 물고 있는 집게 클립"
"clue","clue","명사","단서","The detective found a clue.","5","독해/이야기","추리","object","돋보기로 발자국을 비추는 모습"
"coal","coal","명사","석탄","Coal is used to make electricity.","5","재료","자원","object","검은 석탄 덩어리 몇 개"
"coast","coast","명사","해안","We drove along the coast.","5","자연/날씨","바다","object","굽은 해안선과 파도"
"code","code","명사","암호, 코드","Enter the secret code.","5","과학기술","컴퓨터","none",""
"combine","combine","동사","결합하다, 섞다","Combine the flour and eggs.","5","동작","변화","none",""
"comedy","comedy","명사","코미디","I like watching comedy shows.","5","취미/오락","공연","none",""
"comfort","comfort","명사","편안함, 위로","She gave me comfort when I was sad.","5","감정","편안함","none",""
"command","command","명사","명령","The dog follows my commands.","5","생각/소통","말","none",""
"comment","comment","명사","의견, 댓글","He left a kind comment on my post.","5","생각/소통","말","none",""
"commerce","commerce","명사","상업","The city is a center of commerce.","5","일/경제","장사","none",""
"committee","committee","명사","위원회","The committee meets every Monday.","5","사회/제도","조직","none",""
"common","common","형용사","흔한, 공통의","Kim is a common name in Korea.","5","상태","정도","none",""
"communicate","communicate","동사","의사소통하다","We communicate by email.","5","생각/소통","말","none",""
"community","community","명사","지역 사회, 공동체","Our community has a nice park.","5","사회/제도","사람","none",""
"compare","compare","동사","비교하다","Compare the two pictures.","5","생각/소통","생각","none",""
"complain","complain","동사","불평하다","He always complains about the food.","5","생각/소통","말","none",""
"complete","complete","동사","끝내다, 완성하다","Complete the sentence.","5","교실 영어","과제","none",""
"complex","complex","형용사","복잡한","The machine is very complex.","5","상태","정도","none",""
"complicate","complicate","동사","복잡하게 하다","Do not complicate the problem.","5","동작","변화","none",""
"concentrate","concentrate","동사","집중하다","I cannot concentrate with that noise.","5","동작","공부","none",""
"concept","concept","명사","개념","The concept is easy to understand.","5","학문/지식","개념","none",""
"concern","concern","명사","걱정, 관심사","Thank you for your concern.","5","감정","걱정","none",""
"confirm","confirm","동사","확인하다","Please confirm your address.","5","생각/소통","앎","none",""
"conflict","conflict","명사","갈등, 충돌","They solved the conflict by talking.","5","사회/제도","사건","none",""
"confuse","confuse","동사","혼란스럽게 하다","The map confused me.","5","감정","혼란","none",""
"connect","connect","동사","연결하다","Connect the dots with a line.","5","동작","손 동작","symbol","점 여러 개가 선으로 이어진 모습"
"conscious","conscious","형용사","의식하는, 깨어 있는","He was conscious after the accident.","5","상태","사람 상태","none",""
"consider","consider","동사","고려하다","Please consider my idea.","5","생각/소통","생각","none",""
"constant","constant","형용사","끊임없는, 변함없는","The baby needs constant care.","5","상태","정도","none",""
"consume","consume","동사","소비하다, 먹다","We consume too much sugar.","5","일/경제","소비","none",""
"contact","contact","동사","연락하다","Contact me if you need help.","5","생각/소통","말","none",""
"contain","contain","동사","담고 있다, 포함하다","This box contains old photos.","5","상태","관계","none",""
"content","content","명사","내용, 내용물","The content of the book is interesting.","5","학문/지식","글","none",""
"context","context","명사","문맥, 맥락","Guess the meaning from the context.","5","학문/지식","글","none",""
"continue","continue","동사","계속하다","Please continue your story.","5","동작","변화","none",""
"contract","contract","명사","계약","They signed a contract.","5","일/경제","일","none",""
"contribute","contribute","동사","기여하다, 기부하다","Everyone contributed to the project.","5","동작","도움","none",""
"converse","converse","동사","대화하다","They conversed in English.","5","생각/소통","말","none",""
"convince","convince","동사","설득하다, 확신시키다","She convinced me to join the club.","5","생각/소통","말","none",""
"cop","cop","명사","경찰관","A cop helped the lost child.","5","직업","안전","none",""
"cope","cope","동사","대처하다","He copes well with stress.","5","동작","노력","none",""
"correct","correct","형용사","맞는, 정확한","Your answer is correct.","5","교실 영어","시험","symbol","종이 위의 큰 동그라미 표시와 체크 모양(글자 없이)"
"cottage","cottage","명사","작은 집, 오두막","They live in a cottage by the lake.","5","장소","건물","object","호숫가의 작은 오두막"
"council","council","명사","의회, 협의회","The student council planned the festival.","5","사회/제도","조직","none",""
"countryside","countryside","명사","시골","My grandparents live in the countryside.","5","장소","마을","object","논밭과 작은 집이 있는 시골 풍경"
"county","county","명사","군(행정 구역)","The county has many farms.","5","사회/제도","지역","none",""
"crack","crack","명사","금, 갈라진 틈","There is a crack in the cup.","5","상태","모양·상태","object","금이 간 컵"
"crash","crash","동사","충돌하다, 부서지다","The car crashed into a tree.","5","동작","사고","none",""
"create","create","동사","만들다, 창조하다","She created a beautiful painting.","5","동작","만들기","none",""
"credit","credit","명사","신용, 학점","I paid by credit card.","5","돈","결제","none",""
"crime","crime","명사","범죄","Stealing is a crime.","5","사회/제도","법","none",""
"crisis","crisis","명사","위기","The country is in an economic crisis.","5","사회/제도","사건","none",""
"crisp","crisp","형용사","바삭바삭한","I like crisp toast.","5","맛/질감","질감","none",""
"crowd","crowd","명사","군중","A crowd gathered in the square.","5","사람/가족","무리","scene","광장에 빽빽이 모인 많은 사람들"
"crown","crown","명사","왕관","The queen wears a gold crown.","5","옷","장신구","object","보석이 박힌 금 왕관"
"cruel","cruel","형용사","잔인한","It is cruel to hurt animals.","5","성격","나쁜 성격","none",""
"cure","cure","동사","치료하다","This medicine can cure a cold.","5","건강/질병","치료","none",""
"curl","curl","동사","곱슬하게 하다, 말다","The cat curled up on the sofa.","5","외모","머리","none",""
"current","current","형용사","현재의","What is your current address?","5","숫자/시간","때","none",""
"cycle","cycle","명사","순환, 자전거","The seasons follow a cycle.","5","과학","변화","symbol","화살표 세 개가 둥글게 이어진 순환 모양"
"damage","damage","명사","피해, 손상","The storm caused a lot of damage.","5","상태","모양·상태","none",""
"dare","dare","동사","감히 ~하다","I did not dare to jump.","5","동작","노력","none",""
"darling","darling","명사","사랑하는 사람","Good night, my darling.","5","인사/표현","부르는 말","none",""
"dawn","dawn","명사","새벽","We left at dawn.","5","숫자/시간","하루","object","산 너머로 해가 막 떠오르는 새벽 하늘"
"deal","deal","명사","거래, 처리","We made a deal with the store.","5","일/경제","장사","none",""
"debate","debate","명사","토론","We had a debate about school uniforms.","5","생각/소통","말","none",""
"debt","debt","명사","빚","He paid off his debt.","5","돈","빚","none",""
"deck","deck","명사","갑판, 카드 한 벌","We stood on the deck of the ship.","5","교통","배","none",""
"decorate","decorate","동사","꾸미다","We decorated the Christmas tree.","5","동작","만들기","scene","아이들이 나무에 장식을 다는 장면"
"defense","defense","명사","방어, 수비","Our team has a strong defense.","5","스포츠","경기","none",""
"define","define","동사","정의하다","Can you define this word?","5","학문/지식","개념","none",""
"definite","definite","형용사","확실한, 분명한","I need a definite answer.","5","상태","정도","none",""
"delay","delay","동사","미루다, 지연시키다","The flight was delayed by rain.","5","숫자/시간","때","none",""
"delight","delight","명사","큰 기쁨","The children laughed with delight.","5","감정","기쁨","none",""
"deliver","deliver","동사","배달하다","They deliver pizza to our house.","5","일/경제","장사","scene","배달원이 문 앞에서 상자를 건네는 장면"
"demand","demand","동사","요구하다","They demanded an answer.","5","생각/소통","말","none",""
"demonstrate","demonstrate","동사","보여 주다, 증명하다","The teacher demonstrated the experiment.","5","학문/지식","연구","none",""
"deny","deny","동사","부인하다","He denied breaking the window.","5","생각/소통","말","none",""
"depend","depend","동사","의존하다, ~에 달려 있다","It depends on the weather.","5","상태","관계","none",""
"depress","depress","동사","우울하게 하다","Rainy days depress me.","5","감정","슬픔","none",""
"describe","describe","동사","묘사하다, 설명하다","Describe your best friend.","5","생각/소통","말","none",""
"deserve","deserve","동사","~을 받을 만하다","You deserve a rest.","5","생각/소통","판단","none",""
"desire","desire","명사","욕구, 바람","She has a strong desire to win.","5","감정","바람","none",""
"desperate","desperate","형용사","절박한, 필사적인","He was desperate for water.","5","감정","걱정","none",""
"despite","despite","전치사","~에도 불구하고","We played despite the rain.","5","기능어","연결","none",""
"destroy","destroy","동사","파괴하다","The fire destroyed the forest.","5","동작","변화","none",""
"detail","detail","명사","세부 사항","Tell me every detail.","5","생각/소통","앎","none",""
"detect","detect","동사","발견하다, 감지하다","Dogs can detect smells very well.","5","과학","관찰","none",""
"determine","determine","동사","결정하다, 알아내다","We must determine the cause.","5","생각/소통","판단","none",""
"develop","develop","동사","발달시키다, 개발하다","Reading develops your mind.","5","동작","변화","none",""
"diet","diet","명사","식단, 다이어트","A healthy diet includes vegetables.","5","건강/질병","생활 습관","none",""
"dig","dig","동사","파다","The dog is digging a hole.","5","동작","손 동작","scene","아이가 삽으로 모래를 파는 장면"
"direct","direct","형용사","직접적인, 곧장 가는","Is there a direct bus to the airport?","5","위치/방향","방향","none",""
"dirt","dirt","명사","흙, 먼지","Wash the dirt off your hands.","5","자연/날씨","땅","none",""
"disappoint","disappoint","동사","실망시키다","I do not want to disappoint my parents.","5","감정","슬픔","none",""
"disc","disc","명사","원반, 디스크","Put the disc into the player.","5","사물","모양","object","반짝이는 둥근 디스크 한 장"
"discipline","discipline","명사","규율, 훈련","Sports teach discipline.","5","성격","태도","none",""
"disgust","disgust","명사","역겨움","He looked at the trash with disgust.","5","감정","싫음","none",""
"display","display","동사","전시하다, 보여 주다","The shop displays toys in the window.","5","쇼핑","가게","none",""
"distance","distance","명사","거리","What is the distance to the station?","5","위치/방향","거리","symbol","두 집 사이에 양쪽 화살표가 그어진 모습"
"district","district","명사","지역, 구역","This is a shopping district.","5","사회/제도","지역","none",""
"disturb","disturb","동사","방해하다","Please do not disturb me.","5","감정","불편함","none",""
"dive","dive","동사","뛰어들다, 잠수하다","He dived into the pool.","5","스포츠","물놀이","scene","아이가 다이빙대에서 수영장으로 뛰어드는 장면"
"divide","divide","동사","나누다","Divide the cake into six pieces.","5","학문/지식","수학","object","여섯 조각으로 나뉜 케이크"
"divorce","divorce","명사","이혼","They got a divorce last year.","5","사람/가족","가족 일","none",""
"document","document","명사","서류, 문서","Save the document on your computer.","5","일/경제","일","object","줄이 그어진 서류 몇 장(글자 없이 줄 모양만)"
"domestic","domestic","형용사","국내의, 가정의","This is a domestic flight.","5","사회/제도","나라","none",""
"donate","donate","동사","기부하다","We donated clothes to the poor.","5","동작","도움","scene","아이가 옷이 든 상자를 기부함에 넣는 장면"
"doubt","doubt","명사","의심","I have no doubt about it.","5","생각/소통","생각","none",""
"dozen","dozen","명사","12개, 한 다스","I bought a dozen eggs.","5","숫자/시간","묶음","object","열두 개가 든 달걀 한 판"
"drag","drag","동사","끌다","He dragged the heavy bag.","5","동작","손 동작","none",""
"drama","drama","명사","연극, 드라마","She is in the drama club.","5","취미/오락","공연","none",""
"drug","drug","명사","약, 마약","This drug helps with pain.","5","건강/질병","치료","none",""
"due","due","형용사","~하기로 되어 있는, 마감인","The homework is due tomorrow.","5","숫자/시간","때","none",""
"dump","dump","동사","버리다","Do not dump trash in the river.","5","환경","쓰레기","none",""
"dust","dust","명사","먼지","The shelf is covered with dust.","5","집/가구","청소","none",""
"duty","duty","명사","의무, 임무","It is my duty to feed the dog.","5","사회/제도","책임","none",""
"each","each","형용사","각각의","Each student has a locker.","5","기능어","수량","none",""
"earn","earn","동사","벌다, 얻다","She earns money by babysitting.","5","일/경제","돈","none",""
"ease","ease","명사","쉬움, 편안함","She passed the test with ease.","5","상태","정도","none",""
"economy","economy","명사","경제","The country's economy is growing.","5","일/경제","경제","none",""
"edge","edge","명사","가장자리, 모서리","Do not stand at the edge of the pool.","5","위치/방향","위치","none",""
"edit","edit","동사","편집하다, 고치다","I edited my video.","5","과학기술","컴퓨터","none",""
"educate","educate","동사","교육하다","Schools educate children.","5","학문/지식","교육","none",""
"effect","effect","명사","영향, 효과","The medicine had a good effect.","5","생각/소통","이유","none",""
"effort","effort","명사","노력","Thank you for your effort.","5","동작","노력","none",""
"either","either","부사","(둘 중) 어느 하나, ~도 또한","You can take either bus.","5","기능어","선택","none",""
"elect","elect","동사","선출하다","We elected a new class president.","5","사회/제도","선거","none",""
"electric","electric","형용사","전기의","He plays the electric guitar.","5","과학기술","전기","none",""
"element","element","명사","요소, 원소","Trust is an important element of a team.","5","과학","물질","none",""
"else","else","부사","그 밖에, 다른","Do you want anything else?","5","기능어","선택","none",""
"embarrass","embarrass","동사","당황하게 하다","His question embarrassed me.","5","감정","부끄러움","none",""
"emotion","emotion","명사","감정","Music can show strong emotions.","5","감정","감정 일반","none",""
"emphasize","emphasize","동사","강조하다","The teacher emphasized safety.","5","생각/소통","말","none",""
"empire","empire","명사","제국","Rome was a great empire.","5","사회/제도","나라","none",""
"employ","employ","동사","고용하다","The factory employs 200 workers.","5","일/경제","일","none",""
"enemy","enemy","명사","적","The two cats are enemies.","5","사람/가족","관계","none",""
"engage","engage","동사","참여하다, 약속하다","Students engage in group work.","5","동작","참여","none",""
"enormous","enormous","형용사","거대한","An enormous whale swam by the boat.","5","크기","큰","none",""
"entertain","entertain","동사","즐겁게 하다","The magician entertained the kids.","5","취미/오락","공연","none",""
"entire","entire","형용사","전체의","I read the entire book in a day.","5","숫자/시간","양","none",""
"envelope","envelope","명사","봉투","Put the letter in the envelope.","5","학교/문구","문구","object","우표 자리가 있는 흰 편지 봉투(글자 없이)"
"escape","escape","동사","탈출하다, 벗어나다","The bird escaped from the cage.","5","동작","움직임","scene","새가 열린 새장 밖으로 날아가는 장면"
"especially","especially","부사","특히","I like fruit, especially apples.","5","기능어","정도","none",""
"essay","essay","명사","수필, 글","I wrote an essay about my family.","5","학문/지식","글","none",""
"establish","establish","동사","설립하다","The school was established in 1990.","5","사회/제도","조직","none",""
"estimate","estimate","동사","어림잡다, 추정하다","I estimate that it will take an hour.","5","학문/지식","수학","none",""
"even","even","부사","~조차, 훨씬","Even a child can do it.","5","기능어","정도","none",""
"ever","ever","부사","언젠가, 지금까지","Have you ever been to Jeju?","5","기능어","시간","none",""
"evidence","evidence","명사","증거","There is no evidence that he did it.","5","사회/제도","법","none",""
"evil","evil","형용사","사악한","The story has an evil witch.","5","성격","나쁜 성격","none",""
"exact","exact","형용사","정확한","What is the exact time?","5","상태","정도","none",""
"examine","examine","동사","검사하다, 진찰하다","The doctor examined my eyes.","5","건강/질병","진료","scene","의사가 아이의 눈을 작은 불빛으로 살펴보는 장면"
"except","except","전치사","~을 제외하고","Everyone came except Tom.","5","기능어","연결","none",""
"exchange","exchange","동사","교환하다","We exchanged gifts at the party.","5","동작","주고받기","scene","두 아이가 서로 선물 상자를 주고받는 장면"
"exhaust","exhaust","동사","지치게 하다","The long hike exhausted us.","5","상태","몸 상태","none",""
"exist","exist","동사","존재하다","Do aliens really exist?","5","상태","생명","none",""
"exit","exit","명사","출구","Where is the exit?","5","장소","건물 안","object","열린 문과 문 쪽을 가리키는 초록 화살표(글자 없이)"
"expand","expand","동사","넓히다, 팽창하다","Air expands when it is heated.","5","동작","변화","none",""
"expect","expect","동사","기대하다, 예상하다","I expect her to come soon.","5","생각/소통","생각","none",""
"expense","expense","명사","비용","Travel expenses were high.","5","돈","쓰기","none",""
"experience","experience","명사","경험","It was a great experience for me.","5","생각/소통","앎","none",""
"experiment","experiment","명사","실험","We did a science experiment.","5","과학","실험","scene","아이가 실험복을 입고 시험관에 액체를 붓는 장면"
"expert","expert","명사","전문가","She is an expert on dinosaurs.","5","직업","일","none",""
"explain","explain","동사","설명하다","Can you explain the rule again?","5","생각/소통","말","none",""
"expose","expose","동사","드러내다, 노출시키다","Do not expose your skin to the sun too long.","5","동작","변화","none",""
"express","express","동사","표현하다","She expressed her thanks with a card.","5","생각/소통","말","none",""
"extend","extend","동사","늘이다, 연장하다","They extended the deadline.","5","동작","변화","none",""
"extra","extra","형용사","추가의, 여분의","Bring an extra pencil.","5","숫자/시간","양","none",""
"extreme","extreme","형용사","극심한, 극도의","The desert has extreme heat.","5","상태","정도","none",""
"factor","factor","명사","요인","Sleep is an important factor in health.","5","생각/소통","이유","none",""
"faint","faint","형용사","희미한, 어지러운","I heard a faint sound.","5","상태","정도","none",""
"faith","faith","명사","믿음, 신뢰","I have faith in my team.","5","생각/소통","생각","none",""
"familiar","familiar","형용사","익숙한, 낯익은","Her face looks familiar.","5","상태","앎","none",""
"fancy","fancy","형용사","화려한, 고급의","They ate at a fancy restaurant.","5","상태","평가","none",""
"fantastic","fantastic","형용사","환상적인, 멋진","We had a fantastic time.","5","상태","평가","none",""
"fascinate","fascinate","동사","매혹하다","Stars fascinate me.","5","감정","좋아함","none",""
"fashion","fashion","명사","패션, 유행","She is interested in fashion.","5","옷","유행","none",""
"fault","fault","명사","잘못, 결점","It was not your fault.","5","생각/소통","판단","none",""
"favor","favor","명사","부탁, 호의","Can you do me a favor?","5","인사/표현","부탁","none",""
"fear","fear","명사","두려움","She has a fear of heights.","5","감정","두려움","none",""
"feature","feature","명사","특징, 기능","The phone has many new features.","5","성격","특징","none",""
"fee","fee","명사","요금, 수수료","The entrance fee is five dollars.","5","돈","쓰기","none",""
"feed","feed","동사","먹이를 주다","I feed my dog twice a day.","5","동작","돌봄","scene","아이가 강아지 밥그릇에 사료를 부어 주는 장면"
"fellow","fellow","명사","동료, 녀석","He is a friendly fellow.","5","사람/가족","관계","none",""
"female","female","형용사","여성의, 암컷의","The female lion hunts for food.","5","사람/가족","성별","none",""
"fence","fence","명사","울타리","The dog jumped over the fence.","5","집/가구","마당","object","나무 울타리"
"figure","figure","명사","숫자, 모습, 인물","Look at the figures in the table.","5","학문/지식","자료","none",""
"final","final","형용사","마지막의","This is the final game of the season.","5","숫자/시간","순서","none",""
"finance","finance","명사","재정, 금융","She works in finance.","5","일/경제","경제","none",""
"firm","firm","형용사","단단한, 확고한","The bed is too firm for me.","5","맛/질감","질감","none",""
"fit","fit","동사","(크기가) 맞다","These shoes fit me well.","5","옷","입기","none",""
"flame","flame","명사","불꽃","The candle flame is small.","5","자연/날씨","불","object","촛불의 작은 불꽃"
"flash","flash","명사","번쩍임","We saw a flash of lightning.","5","자연/날씨","빛","none",""
"flight","flight","명사","비행, 항공편","Our flight leaves at nine.","5","교통","비행","object","구름 위를 나는 여객기"
"flood","flood","명사","홍수","The heavy rain caused a flood.","5","자연/날씨","재해","none",""
"flow","flow","동사","흐르다","The river flows into the sea.","5","자연/날씨","물","none",""
"folk","folk","형용사","민속의","We learned a Korean folk song.","5","나라/세계","문화","none",""
"foreign","foreign","형용사","외국의","I want to learn a foreign language.","5","나라/세계","나라","none",""
"forever","forever","부사","영원히","We will be friends forever.","5","숫자/시간","기간","none",""
"forgive","forgive","동사","용서하다","Please forgive me for being late.","5","생각/소통","말","none",""
"forth","forth","부사","앞으로","The swing moved back and forth.","5","위치/방향","방향","none",""
"fortunate","fortunate","형용사","운이 좋은","We were fortunate to find seats.","5","상태","운","none",""
"fortune","fortune","명사","운, 큰돈","He made a fortune in business.","5","돈","부","none",""
"found","found","동사","설립하다","She founded a school for girls.","5","사회/제도","조직","none",""
"frame","frame","명사","틀, 액자","I put the photo in a frame.","5","집/가구","장식","object","빈 나무 액자"
"frankly","frankly","부사","솔직히","Frankly, I do not like it.","5","생각/소통","말","none",""
"fright","fright","명사","놀람, 공포","The loud noise gave me a fright.","5","감정","두려움","none",""
"frustrate","frustrate","동사","좌절시키다, 답답하게 하다","The hard puzzle frustrated him.","5","감정","화","none",""
"fry","fry","동사","튀기다, 볶다","Fry the eggs in a pan.","5","동작","요리","object","프라이팬 위의 달걀 프라이"
"function","function","명사","기능","What is the function of this button?","5","과학기술","기계","none",""
"fund","fund","명사","기금, 자금","We raised funds for the animal shelter.","5","돈","모으기","none",""
"fur","fur","명사","털","The rabbit has soft white fur.","5","동물","몸 부분","none",""
"furniture","furniture","명사","가구","We bought new furniture for the living room.","5","집/가구","가구","object","소파·탁자·의자가 함께 놓인 모습"
"gain","gain","동사","얻다, 늘다","He gained a lot of experience.","5","동작","변화","none",""
"gather","gather","동사","모이다, 모으다","We gathered around the campfire.","5","동작","모임","scene","아이들이 모닥불 주위에 둥글게 모여 앉은 장면"
"gear","gear","명사","장비, 기어","Bring your camping gear.","5","사물","도구","none",""
"general","general","형용사","일반적인","This is a general rule.","5","상태","정도","none",""
"gesture","gesture","명사","몸짓","She made a gesture to come in.","5","생각/소통","몸짓","none",""
"ghost","ghost","명사","유령","Do you believe in ghosts?","5","독해/이야기","이야기 인물","object","하얀 천을 뒤집어쓴 듯한 귀여운 유령"
"glance","glance","동사","흘끗 보다","He glanced at his watch.","5","동작","보기","none",""
"glory","glory","명사","영광","The team returned home in glory.","5","감정","자랑","none",""
"gorgeous","gorgeous","형용사","아주 멋진, 아름다운","What a gorgeous sunset!","5","상태","평가","none",""
"govern","govern","동사","다스리다","The king governed the country wisely.","5","사회/제도","나라","none",""
"grab","grab","동사","움켜잡다","He grabbed my hand.","5","동작","손 동작","none",""
"grace","grace","명사","우아함","The dancer moved with grace.","5","성격","특징","none",""
"grade","grade","명사","학년, 성적","I am in the second grade of middle school.","5","학교/문구","학교생활","none",""
"grand","grand","형용사","웅장한","They live in a grand house.","5","크기","큰","none",""
"grant","grant","동사","주다, 허락하다","The fairy granted her three wishes.","5","동작","주고받기","none",""
"graph","graph","명사","그래프","Draw a graph of the results.","5","학문/지식","자료","object","오르내리는 선 그래프가 그려진 종이(글자·숫자 없이)"
"greet","greet","동사","인사하다, 맞이하다","She greeted me with a smile.","5","인사/표현","인사","scene","두 아이가 손을 흔들며 인사하는 장면"
"grocery","grocery","명사","식료품","We buy groceries every weekend.","5","쇼핑","물건","object","채소와 빵이 담긴 종이 장바구니"
"guarantee","guarantee","동사","보장하다","I guarantee you will like it.","5","생각/소통","약속","none",""
"guard","guard","명사","경비원, 지키는 사람","A guard stands at the gate.","5","직업","안전","none",""
"guest","guest","명사","손님","We have guests for dinner.","5","사람/가족","관계","none",""
"guide","guide","명사","안내인, 안내서","Our guide showed us the old town.","5","직업","여행","none",""
"guilt","guilt","명사","죄책감, 유죄","He felt guilt about lying.","5","감정","미안함","none",""
"gun","gun","명사","총","The police officer carries a gun.","5","사물","도구","none",""
"harm","harm","명사","해, 피해","Smoking does harm to your body.","5","건강/질병","해로운 것","none",""
"heaven","heaven","명사","천국, 하늘","The stars look like lights in heaven.","5","독해/이야기","이야기 장소","none",""
"hell","hell","명사","지옥","The trip was hell because of the heat.","5","독해/이야기","이야기 장소","none",""
"hesitate","hesitate","동사","망설이다","Do not hesitate to ask questions.","5","감정","걱정","none",""
"highway","highway","명사","고속도로","We drove on the highway.","5","교통","길","object","차들이 달리는 넓은 고속도로"
"hint","hint","명사","힌트, 암시","Give me a hint, please.","5","생각/소통","앎","none",""
"hire","hire","동사","고용하다","They hired a new cook.","5","일/경제","일","none",""
"honor","honor","명사","명예, 영광","It is an honor to meet you.","5","감정","자랑","none",""
"humor","humor","명사","유머","He has a good sense of humor.","5","성격","특징","none",""
"hunger","hunger","명사","배고픔, 굶주림","Many children suffer from hunger.","5","상태","몸 상태","none",""
"identity","identity","명사","정체성, 신원","The police checked his identity.","5","사회/제도","사람","none",""
"ignore","ignore","동사","무시하다","Do not ignore the warning sign.","5","생각/소통","태도","none",""
"illustrate","illustrate","동사","삽화를 넣다, 예를 들어 설명하다","She illustrates books for children.","5","학문/지식","미술","none",""
"immediate","immediate","형용사","즉각적인","We need an immediate answer.","5","숫자/시간","때","none",""
"impress","impress","동사","깊은 인상을 주다","Her speech impressed everyone.","5","감정","놀람","none",""
"improve","improve","동사","나아지다, 향상시키다","Reading improves your English.","5","동작","변화","none",""
"include","include","동사","포함하다","The price includes lunch.","5","상태","관계","none",""
"income","income","명사","소득, 수입","His income is not very high.","5","돈","벌기","none",""
"increase","increase","동사","증가하다, 늘리다","The price of milk increased.","5","동작","변화","symbol","오른쪽 위로 올라가는 막대들과 위쪽 화살표"
"indeed","indeed","부사","정말로, 참으로","It is indeed a great idea.","5","기능어","정도","none",""
"indicate","indicate","동사","가리키다, 나타내다","The sign indicates the way out.","5","생각/소통","앎","none",""
"individual","individual","명사","개인","Every individual is different.","5","사회/제도","사람","none",""
"industry","industry","명사","산업","The car industry is important in Korea.","5","일/경제","경제","none",""
"influence","influence","명사","영향","Friends have a big influence on us.","5","생각/소통","이유","none",""
"inform","inform","동사","알리다","Please inform me of any changes.","5","생각/소통","말","none",""
"injure","injure","동사","다치게 하다","He injured his arm while skating.","5","건강/질병","다침","none",""
"innocent","innocent","형용사","죄 없는, 순진한","The man was innocent.","5","성격","좋은 성격","none",""
"insist","insist","동사","주장하다, 고집하다","She insisted on paying for lunch.","5","생각/소통","말","none",""
"inspect","inspect","동사","점검하다","They inspect the bridge every year.","5","동작","보기","none",""
"instance","instance","명사","사례, 경우","For instance, cats sleep a lot.","5","생각/소통","설명","none",""
"instant","instant","형용사","즉각적인, 즉석의","I ate instant noodles.","5","숫자/시간","때","none",""
"instead","instead","부사","대신에","I had tea instead of coffee.","5","기능어","선택","none",""
"instruct","instruct","동사","가르치다, 지시하다","The coach instructed us to run.","5","생각/소통","말","none",""
"insure","insure","동사","보험에 들다","We insured our house against fire.","5","일/경제","돈","none",""
"intend","intend","동사","~할 작정이다","I intend to study abroad.","5","생각/소통","계획","none",""
"intense","intense","형용사","강렬한, 극심한","The heat was intense.","5","상태","정도","none",""
"intent","intent","명사","의도","It was not my intent to hurt you.","5","생각/소통","계획","none",""
"internal","internal","형용사","내부의","The heart is an internal organ.","5","위치/방향","안팎","none",""
"interrupt","interrupt","동사","방해하다, 끼어들다","Do not interrupt when others talk.","5","생각/소통","태도","none",""
"invent","invent","동사","발명하다","Who invented the telephone?","5","과학기술","발명","scene","아이가 작업대에서 로봇을 조립하고 머리 위에 전구가 켜진 장면"
"invest","invest","동사","투자하다","He invested money in the company.","5","일/경제","돈","none",""
"investigate","investigate","동사","조사하다","The police are investigating the case.","5","사회/제도","법","none",""
"involve","involve","동사","포함하다, 관련시키다","The job involves a lot of travel.","5","상태","관계","none",""
"iron","iron","명사","철, 다리미","The gate is made of iron.","5","재료","금속","object","다리미 한 개"
"item","item","명사","물품, 항목","There are ten items on the list.","5","쇼핑","물건","none",""
"jaw","jaw","명사","턱","The shark has strong jaws.","5","몸","얼굴","none",""
"joke","joke","명사","농담","He told a funny joke.","5","생각/소통","말","none",""
"journey","journey","명사","여행, 여정","The journey took three days.","5","취미/오락","여행","none",""
"joy","joy","명사","기쁨","She jumped for joy.","5","감정","기쁨","scene","아이가 두 팔을 들고 기뻐서 뛰어오르는 장면"
"judge","judge","명사","판사, 심판","The judge listened to both sides.","5","직업","법","none",""
"junior","junior","형용사","후배의, 어린","He is my junior at school.","5","사람/가족","관계","none",""
"justice","justice","명사","정의","They fought for justice.","5","사회/제도","법","none",""
"knowledge","knowledge","명사","지식","She has a lot of knowledge about plants.","5","학문/지식","개념","none",""
"label","label","명사","상표, 꼬리표","Read the label on the bottle.","5","쇼핑","물건","none",""
"labor","labor","명사","노동","Building a house takes a lot of labor.","5","일/경제","일","none",""
"laboratory","laboratory","명사","실험실","We did the test in the laboratory.","5","장소","학교","object","실험 기구와 현미경이 놓인 실험실 책상"
"lack","lack","명사","부족","The plant died from lack of water.","5","숫자/시간","양","none",""
"lamb","lamb","명사","새끼 양","A lamb is playing in the field.","5","동물","농장 동물","object","풀밭의 하얀 새끼 양"
"lane","lane","명사","좁은 길, 차선","Stay in the right lane.","5","교통","길","none",""
"law","law","명사","법","Everyone must follow the law.","5","사회/제도","법","none",""
"lawn","lawn","명사","잔디밭","Dad is cutting the lawn.","5","집/가구","마당","object","잘 깎인 초록 잔디밭과 잔디 깎는 기계"
"lawyer","lawyer","명사","변호사","My aunt is a lawyer.","5","직업","법","none",""
"lay","lay","동사","놓다, (알을) 낳다","Lay the book on the table.","5","동작","손 동작","none",""
"league","league","명사","리그, 연맹","Our team won the league.","5","스포츠","대회","none",""
"lean","lean","동사","기대다, 기울다","He leaned against the wall.","5","동작","몸 동작","scene","아이가 벽에 등을 기대고 서 있는 장면"
"leap","leap","동사","뛰다, 도약하다","The frog leaped into the pond.","5","동작","움직임","none",""
"legal","legal","형용사","합법적인, 법률의","It is not legal to park here.","5","사회/제도","법","none",""
"lend","lend","동사","빌려주다","Can you lend me your pen?","5","동작","주고받기","none",""
"level","level","명사","수준, 높이","This book is at my level.","5","학문/지식","평가","none",""
"license","license","명사","면허, 허가증","My brother got his driver license.","5","사회/제도","법","none",""
"lid","lid","명사","뚜껑","Put the lid on the pot.","5","집/가구","부엌","object","뚜껑이 살짝 열린 냄비"
"limit","limit","명사","한계, 제한","There is a speed limit on this road.","5","숫자/시간","양","none",""
"link","link","명사","연결, 링크","Click the link to see the video.","5","과학기술","컴퓨터","none",""
"load","load","명사","짐","The truck carries a heavy load.","5","교통","운반","none",""
"loan","loan","명사","대출","They got a loan to buy a house.","5","돈","빚","none",""
"local","local","형용사","지역의, 현지의","We ate at a local restaurant.","5","사회/제도","지역","none",""
"locate","locate","동사","위치를 찾다, 두다","The school is located near the park.","5","위치/방향","위치","none",""
"lock","lock","동사","잠그다","Lock the door when you leave.","5","집/가구","문","object","자물쇠와 열쇠"
"log","log","명사","통나무","We sat on a log by the fire.","5","자연/날씨","식물","object","잘린 통나무 하나"
"loose","loose","형용사","헐거운, 풀린","My tooth is loose.","5","상태","모양·상태","none",""
"loss","loss","명사","손실, 패배","The team had its first loss.","5","상태","결과","none",""
"magazine","magazine","명사","잡지","I read a sports magazine.","5","취미/오락","읽기","object","표지 사진이 있는 잡지 몇 권(글자 없이)"
"main","main","형용사","주된, 가장 중요한","What is the main idea of the story?","5","상태","중요함","none",""
"maintain","maintain","동사","유지하다","Exercise helps you maintain your health.","5","동작","변화","none",""
"major","major","형용사","주요한, 큰","Traffic is a major problem in the city.","5","상태","중요함","none",""
"male","male","형용사","남성의, 수컷의","The male bird has bright feathers.","5","사람/가족","성별","none",""
"manage","manage","동사","관리하다, 해내다","She manages a small shop.","5","일/경제","일","none",""
"manner","manner","명사","방식, 예절","He has good table manners.","5","성격","태도","none",""
"manufacture","manufacture","동사","제조하다","The factory manufactures cars.","5","일/경제","경제","none",""
"mark","mark","명사","표시, 점수","Put a mark next to the right answer.","5","교실 영어","시험","none",""
"marvel","marvel","동사","경탄하다","We marveled at the view.","5","감정","놀람","none",""
"mask","mask","명사","마스크, 가면","Wear a mask when you are sick.","5","건강/질병","예방","object","귀에 거는 흰 마스크"
"mass","mass","명사","덩어리, 다량","A mass of clouds covered the sky.","5","숫자/시간","양","none",""
"master","master","명사","주인, 달인","The dog ran to its master.","5","사람/가족","관계","none",""
"mate","mate","명사","친구, 짝","He is my classmate and best mate.","5","사람/가족","관계","none",""
"maximum","maximum","명사","최대","The maximum number of players is five.","5","숫자/시간","수","none",""
"mean","mean","동사","의미하다","What does this word mean?","5","생각/소통","앎","none",""
"measure","measure","동사","재다, 측정하다","Measure the length of the desk.","5","학문/지식","수학","scene","아이가 줄자로 책상 길이를 재는 장면(숫자 없이)"
"medical","medical","형용사","의학의, 의료의","She needs medical care.","5","건강/질병","진료","none",""
"mental","mental","형용사","정신의, 마음의","Sleep is good for your mental health.","5","건강/질병","마음","none",""
"mention","mention","동사","언급하다","He did not mention his name.","5","생각/소통","말","none",""
"menu","menu","명사","메뉴, 차림표","Can I see the menu, please?","5","음식","식당","none",""
"mess","mess","명사","엉망인 상태","Your room is a mess.","5","상태","모양·상태","object","옷과 장난감이 여기저기 흩어진 방"
"method","method","명사","방법","This is an easy method to learn words.","5","학문/지식","연구","none",""
"military","military","형용사","군대의","He wore a military uniform.","5","사회/제도","나라","none",""
"mill","mill","명사","방앗간, 제분소","The old mill is by the river.","5","장소","건물","object","물레방아가 달린 방앗간"
"minor","minor","형용사","작은, 중요하지 않은","It is only a minor problem.","5","상태","중요함","none",""
"mission","mission","명사","임무","The astronauts finished their mission.","5","일/경제","일","none",""
"modern","modern","형용사","현대의","This is a modern building.","5","숫자/시간","시대","none",""
"moment","moment","명사","순간, 잠깐","Wait a moment, please.","5","숫자/시간","때","none",""
"monitor","monitor","명사","모니터, 화면","Look at the computer monitor.","5","과학기술","컴퓨터","object","받침대가 있는 컴퓨터 모니터(화면 글자 없이)"
"mood","mood","명사","기분","She is in a good mood today.","5","감정","감정 일반","none",""
"moral","moral","형용사","도덕적인","The story has a moral lesson.","5","사회/제도","가치","none",""
"moreover","moreover","부사","게다가","It is cheap. Moreover, it tastes good.","5","기능어","연결","none",""
"motion","motion","명사","움직임, 운동","The motion of the boat made me sick.","5","과학","물리","none",""
"motor","motor","명사","모터, 전동기","The toy car has a small motor.","5","과학기술","기계","none",""
"mount","mount","동사","오르다, 올라타다","He mounted his horse.","5","동작","움직임","none",""
"muscle","muscle","명사","근육","Exercise makes your muscles strong.","5","몸","몸 속","scene","아이가 팔을 굽혀 알통을 자랑하는 장면"
"mystery","mystery","명사","수수께끼, 신비","The cause is still a mystery.","5","독해/이야기","추리","none",""
"nail","nail","명사","못, 손톱","Hit the nail with a hammer.","5","사물","도구","object","나무판에 박힌 못과 망치"
"native","native","형용사","태어난 곳의, 토박이의","Korean is my native language.","5","나라/세계","나라","none",""
"necessary","necessary","형용사","필요한","Water is necessary for life.","5","상태","중요함","none",""
"neither","neither","부사","(둘 중) 어느 것도 아니다","Neither answer is correct.","5","기능어","선택","none",""
"nerve","nerve","명사","신경, 용기","It takes nerve to speak on stage.","5","몸","몸 속","none",""
"nest","nest","명사","둥지","The bird built a nest in the tree.","5","동물","동물 집","object","알 세 개가 든 새 둥지"
"net","net","명사","그물, 네트","The ball went into the net.","5","스포츠","도구","object","공이 들어간 축구 골대 그물"
"none","none","대명사","아무도, 하나도 ~않다","None of us knew the answer.","5","기능어","수량","none",""
"nor","nor","접속사","~도 또한 아니다","He does not sing, nor does he dance.","5","기능어","연결","none",""
"notice","notice","동사","알아차리다","Did you notice her new haircut?","5","생각/소통","앎","none",""
"nowadays","nowadays","부사","요즘에는","Nowadays, many people shop online.","5","숫자/시간","때","none",""
"nowhere","nowhere","부사","어디에도 ~없다","My keys are nowhere to be found.","5","위치/방향","위치","none",""
"nut","nut","명사","견과","Squirrels eat nuts.","5","음식","간식","object","껍질째 놓인 호두와 땅콩"
"oak","oak","명사","참나무","An old oak stands in the yard.","5","자연/날씨","식물","object","도토리가 달린 큰 참나무"
"object","object","명사","물건, 대상","What is that strange object?","5","사물","물건 일반","none",""
"observe","observe","동사","관찰하다","We observed the ants carefully.","5","과학","관찰","scene","아이가 돋보기로 개미를 관찰하는 장면"
"obvious","obvious","형용사","분명한","The answer is obvious.","5","상태","정도","none",""
"occasion","occasion","명사","때, 특별한 행사","A wedding is a special occasion.","5","행사/활동","행사","none",""
"occur","occur","동사","일어나다, 발생하다","The accident occurred at night.","5","동작","변화","none",""
"odd","odd","형용사","이상한, 홀수의","One, three, and five are odd numbers.","5","상태","평가","none",""
"offer","offer","동사","제안하다, 내주다","She offered me a seat.","5","동작","주고받기","none",""
"officer","officer","명사","경찰관, 장교, 공무원","A police officer helped us.","5","직업","안전","none",""
"opera","opera","명사","오페라","We saw an opera at the theater.","5","음악","공연","none",""
"operate","operate","동사","작동하다, 수술하다","Do you know how to operate this machine?","5","과학기술","기계","none",""
"opinion","opinion","명사","의견","In my opinion, the movie was great.","5","생각/소통","생각","none",""
"oppose","oppose","동사","반대하다","Many people oppose the plan.","5","생각/소통","판단","none",""
"order","order","명사","순서, 주문, 명령","Put the words in the right order.","5","교실 영어","과제","none",""
"ordinary","ordinary","형용사","평범한, 보통의","It was an ordinary day.","5","상태","평가","none",""
"otherwise","otherwise","부사","그렇지 않으면","Hurry up; otherwise, we will be late.","5","기능어","연결","none",""
"ought","ought","조동사","~해야 한다","You ought to see a doctor.","5","기능어","조동사","none",""
"overall","overall","형용사","전반적인","The overall result was good.","5","상태","정도","none",""
"own","own","형용사","자기 자신의","I have my own room.","5","기능어","소유","none",""
"pack","pack","동사","짐을 싸다","Pack your bag for the trip.","5","동작","정리","scene","아이가 여행 가방에 옷을 넣는 장면"
"palace","palace","명사","궁전","We visited an old palace in Seoul.","5","장소","건물","object","기와지붕이 있는 웅장한 궁전"
"pan","pan","명사","프라이팬, 냄비","Heat the pan first.","5","집/가구","부엌","object","손잡이가 달린 프라이팬"
"panic","panic","명사","공포, 당황","Do not panic in an emergency.","5","감정","두려움","none",""
"paragraph","paragraph","명사","문단","Read the first paragraph aloud.","5","교실 영어","읽기","none",""
"particular","particular","형용사","특정한, 특별한","Is there a particular color you like?","5","상태","정도","none",""
"past","past","명사","과거","In the past, people rode horses.","5","숫자/시간","때","none",""
"path","path","명사","길, 오솔길","Follow the path through the forest.","5","자연/날씨","땅","object","숲 사이로 난 구불구불한 오솔길"
"pattern","pattern","명사","무늬, 양식","The dress has a flower pattern.","5","모양","무늬","object","물방울·줄무늬·체크 무늬 천 조각 세 개"
"pause","pause","동사","잠시 멈추다","Pause the video for a minute.","5","동작","변화","none",""
"per","per","전치사","~당, ~마다","The speed limit is 50 kilometers per hour.","5","기능어","수량","none",""
"perfect","perfect","형용사","완벽한","Your pronunciation is perfect.","5","상태","평가","none",""
"perform","perform","동사","공연하다, 수행하다","The band performed on stage.","5","취미/오락","공연","scene","무대 위에서 아이들이 악기를 연주하는 장면"
"perhaps","perhaps","부사","아마도","Perhaps it will snow tomorrow.","5","기능어","가능성","none",""
"period","period","명사","기간, 교시","We have math in the first period.","5","숫자/시간","기간","none",""
"pet","pet","명사","반려동물","Do you have a pet?","5","동물","반려동물","scene","아이가 강아지와 고양이를 안고 있는 장면"
"physical","physical","형용사","신체의, 물리적인","Physical exercise is good for you.","5","몸","몸 일반","none",""
"pile","pile","명사","더미","There is a pile of books on the desk.","5","숫자/시간","묶음","object","높이 쌓인 책 더미"
"pitch","pitch","동사","던지다","He pitched the ball fast.","5","스포츠","경기","none",""
"pity","pity","명사","동정, 유감","It is a pity that you cannot come.","5","감정","슬픔","none",""
"plain","plain","형용사","무늬 없는, 분명한","She wore a plain white shirt.","5","모양","무늬","none",""
"plenty","plenty","명사","많음, 충분함","We have plenty of time.","5","숫자/시간","양","none",""
"poem","poem","명사","시","She wrote a poem about spring.","5","학문/지식","글","none",""
"poet","poet","명사","시인","Yun Dong-ju was a famous poet.","5","직업","예술","none",""
"poison","poison","명사","독","Some mushrooms have poison.","5","건강/질병","해로운 것","none",""
"pole","pole","명사","막대기, 극","The flag is on a tall pole.","5","사물","모양","object","깃발이 달린 높은 깃대"
"policy","policy","명사","정책, 방침","The school has a new uniform policy.","5","사회/제도","조직","none",""
"politics","politics","명사","정치","He is interested in politics.","5","사회/제도","나라","none",""
"pollute","pollute","동사","오염시키다","Cars pollute the air.","5","환경","오염","none",""
"pop","pop","동사","펑 터지다","The balloon popped.","5","독해/이야기","소리","none",""
"popular","popular","형용사","인기 있는","Soccer is a popular sport.","5","상태","평가","none",""
"port","port","명사","항구","The ship arrived at the port.","5","장소","교통 장소","object","배와 크레인이 있는 항구"
"possess","possess","동사","소유하다","He possesses a great talent.","5","상태","소유","none",""
"possible","possible","형용사","가능한","Is it possible to finish today?","5","상태","가능성","none",""
"pot","pot","명사","냄비, 화분","The soup is in the pot.","5","집/가구","부엌","object","김이 나는 냄비"
"potential","potential","명사","잠재력","She has the potential to be a great singer.","5","상태","능력","none",""
"powder","powder","명사","가루","Add some baking powder.","5","재료","가루","none",""
"practical","practical","형용사","실용적인, 실제의","This bag is very practical.","5","상태","평가","none",""
"pray","pray","동사","기도하다","They pray before meals.","5","동작","종교","scene","아이가 두 손을 모으고 눈을 감은 장면"
"prefer","prefer","동사","더 좋아하다","I prefer tea to coffee.","5","감정","좋아함","none",""
"pregnant","pregnant","형용사","임신한","My aunt is pregnant.","5","사람/가족","가족 일","none",""
"prepare","prepare","동사","준비하다","I prepared for the test.","5","동작","준비","none",""
"presence","presence","명사","존재, 참석","Your presence makes me happy.","5","상태","관계","none",""
"pretend","pretend","동사","~인 척하다","He pretended to be asleep.","5","동작","놀이","none",""
"prevent","prevent","동사","막다, 예방하다","Washing hands prevents colds.","5","건강/질병","예방","none",""
"previous","previous","형용사","이전의","I saw him the previous day.","5","숫자/시간","순서","none",""
"pride","pride","명사","자부심, 자존심","She takes pride in her work.","5","감정","자랑","none",""
"prime","prime","형용사","주요한, 최고의","Safety is our prime concern.","5","상태","중요함","none",""
"principle","principle","명사","원칙, 원리","Honesty is my first principle.","5","사회/제도","가치","none",""
"prison","prison","명사","감옥","The thief was sent to prison.","5","사회/제도","법","none",""
"privacy","privacy","명사","사생활","Please respect my privacy.","5","사회/제도","권리","none",""
"private","private","형용사","개인의, 사적인","This is a private room.","5","사회/제도","권리","none",""
"prize","prize","명사","상, 상품","She won first prize in the contest.","5","행사/활동","대회","object","리본이 달린 상품 상자와 메달"
"probable","probable","형용사","있을 법한","Rain is probable this afternoon.","5","상태","가능성","none",""
"proceed","proceed","동사","계속하다, 나아가다","Please proceed to gate five.","5","동작","변화","none",""
"process","process","명사","과정","Learning is a slow process.","5","학문/지식","연구","none",""
"produce","produce","동사","생산하다","This farm produces fresh milk.","5","일/경제","경제","none",""
"profession","profession","명사","직업","Teaching is a respected profession.","5","직업","일","none",""
"profit","profit","명사","이익","The shop made a small profit.","5","돈","벌기","none",""
"progress","progress","명사","진전, 발전","You are making good progress.","5","동작","변화","none",""
"promise","promise","명사","약속","He kept his promise.","5","생각/소통","약속","scene","두 아이가 새끼손가락을 걸고 약속하는 장면"
"promote","promote","동사","홍보하다, 승진시키다","The singer is promoting her new album.","5","일/경제","장사","none",""
"pronounce","pronounce","동사","발음하다","How do you pronounce this word?","5","교실 영어","말하기","none",""
"proper","proper","형용사","알맞은, 올바른","Use the proper tool for the job.","5","상태","판단","none",""
"property","property","명사","재산, 특성","This land is private property.","5","돈","부","none",""
"propose","propose","동사","제안하다, 청혼하다","I propose that we start early.","5","생각/소통","말","none",""
"protest","protest","동사","항의하다","People protested against the plan.","5","사회/제도","사건","none",""
"prove","prove","동사","증명하다","Can you prove that you are right?","5","학문/지식","연구","none",""
"provide","provide","동사","제공하다","The hotel provides breakfast.","5","동작","주고받기","none",""
"pub","pub","명사","술집","The pub is closed today.","5","장소","가게","none",""
"public","public","형용사","공공의, 대중의","This is a public library.","5","사회/제도","권리","none",""
"pump","pump","명사","펌프","Use a pump to fill the tire.","5","사물","도구","object","자전거 바퀴에 꽂힌 손 펌프"
"punch","punch","동사","주먹으로 치다","He punched the bag in the gym.","5","동작","손 동작","none",""
"punish","punish","동사","벌주다","The teacher did not punish him.","5","사회/제도","법","none",""
"purchase","purchase","동사","구입하다","You can purchase tickets online.","5","쇼핑","사기","none",""
"pure","pure","형용사","순수한, 깨끗한","The water is pure and clean.","5","상태","모양·상태","none",""
"purpose","purpose","명사","목적","What is the purpose of your visit?","5","생각/소통","계획","none",""
"quality","quality","명사","품질, 자질","This bag is of good quality.","5","상태","평가","none",""
"quit","quit","동사","그만두다","He quit the soccer team.","5","동작","변화","none",""
"quite","quite","부사","꽤, 상당히","The test was quite easy.","5","기능어","정도","none",""
"quote","quote","동사","인용하다","She quoted a line from the poem.","5","학문/지식","글","none",""
"rail","rail","명사","철로, 난간","Hold the rail on the stairs.","5","교통","기차","object","곧게 뻗은 기찻길"
"raise","raise","동사","들어 올리다, 기르다","Raise your hand if you know.","5","교실 영어","태도","scene","교실에서 아이가 손을 번쩍 든 장면"
"range","range","명사","범위","The store sells a wide range of toys.","5","숫자/시간","양","none",""
"rapid","rapid","형용사","빠른","The city saw rapid growth.","5","상태","빠르기","none",""
"rare","rare","형용사","드문, 희귀한","This bird is very rare.","5","상태","정도","none",""
"rate","rate","명사","비율, 속도, 요금","The birth rate is falling.","5","숫자/시간","수","none",""
"rather","rather","부사","오히려, 꽤","I would rather stay home.","5","기능어","선택","none",""
"reach","reach","동사","도착하다, 닿다","We reached the top of the hill.","5","동작","움직임","scene","아이가 까치발로 높은 선반의 물건에 손을 뻗는 장면"
"react","react","동사","반응하다","How did she react to the news?","5","동작","변화","none",""
"reason","reason","명사","이유","What is the reason for your choice?","5","생각/소통","이유","none",""
"receive","receive","동사","받다","I received a letter from my friend.","5","동작","주고받기","none",""
"recent","recent","형용사","최근의","This is a recent photo of me.","5","숫자/시간","때","none",""
"recipe","recipe","명사","요리법","This is my grandma's recipe.","5","음식","요리","none",""
"recognize","recognize","동사","알아보다, 인정하다","I did not recognize you at first.","5","생각/소통","앎","none",""
"recommend","recommend","동사","추천하다","Can you recommend a good book?","5","생각/소통","말","none",""
"recover","recover","동사","회복하다","She recovered from her cold.","5","건강/질병","치료","none",""
"refer","refer","동사","참고하다, 가리키다","Refer to the map on page five.","5","학문/지식","글","none",""
"reflect","reflect","동사","비추다, 반영하다","The lake reflects the mountains.","5","과학","빛","none",""
"refuse","refuse","동사","거절하다","He refused to answer.","5","생각/소통","말","none",""
"regard","regard","동사","~로 여기다","I regard him as my best friend.","5","생각/소통","생각","none",""
"region","region","명사","지역","This region is famous for apples.","5","사회/제도","지역","none",""
"register","register","동사","등록하다","I registered for the swimming class.","5","사회/제도","이용","none",""
"regular","regular","형용사","규칙적인, 보통의","Regular exercise keeps you healthy.","5","숫자/시간","주기","none",""
"relate","relate","동사","관련시키다","The two events are closely related.","5","상태","관계","none",""
"relax","relax","동사","쉬다, 긴장을 풀다","I relax by listening to music.","5","감정","편안함","scene","아이가 해먹에 누워 눈을 감고 쉬는 장면"
"release","release","동사","놓아주다, 발표하다","They released the bird into the sky.","5","동작","변화","none",""
"relief","relief","명사","안심, 완화","It was a relief to find my bag.","5","감정","편안함","none",""
"rely","rely","동사","의지하다","You can rely on me.","5","상태","관계","none",""
"remain","remain","동사","남다, 계속 ~이다","Please remain in your seat.","5","상태","변화 없음","none",""
"remark","remark","명사","말, 발언","She made a kind remark about my work.","5","생각/소통","말","none",""
"remind","remind","동사","생각나게 하다","Remind me to call my mom.","5","생각/소통","앎","none",""
"remove","remove","동사","없애다, 치우다","Remove your shoes before you enter.","5","동작","손 동작","none",""
"rent","rent","동사","빌리다, 세내다","We rented a car for the trip.","5","돈","쓰기","none",""
"repair","repair","동사","수리하다","He repaired my bike.","5","동작","만들기","scene","아이가 공구로 자전거 바퀴를 고치는 장면"
"replace","replace","동사","바꾸다, 대신하다","We need to replace the battery.","5","동작","변화","none",""
"reply","reply","동사","대답하다, 답장하다","She replied to my message quickly.","5","생각/소통","말","none",""
"report","report","명사","보고서, 보도","I wrote a report on dolphins.","5","학문/지식","글","none",""
"represent","represent","동사","대표하다, 나타내다","She represents our class.","5","사회/제도","조직","none",""
"request","request","명사","요청","I have a small request.","5","생각/소통","말","none",""
"require","require","동사","필요로 하다, 요구하다","This job requires patience.","5","상태","중요함","none",""
"research","research","명사","연구, 조사","She does research on sea animals.","5","학문/지식","연구","none",""
"reserve","reserve","동사","예약하다, 남겨 두다","I reserved a table for four.","5","일상생활","약속","none",""
"resist","resist","동사","저항하다, 참다","I cannot resist chocolate.","5","동작","노력","none",""
"resource","resource","명사","자원","Water is a valuable resource.","5","환경","자원","none",""
"respect","respect","동사","존중하다, 존경하다","We should respect our elders.","5","감정","좋아함","none",""
"respond","respond","동사","응답하다","He did not respond to my question.","5","생각/소통","말","none",""
"responsible","responsible","형용사","책임 있는","You are responsible for your pet.","5","성격","태도","none",""
"result","result","명사","결과","The test results came out today.","5","생각/소통","이유","none",""
"retire","retire","동사","은퇴하다","My grandfather retired last year.","5","일/경제","일","none",""
"rise","rise","동사","오르다, 뜨다","The sun rises in the east.","5","동작","변화","object","수평선 위로 떠오르는 해"
"risk","risk","명사","위험","There is a risk of fire.","5","상태","위험","none",""
"rob","rob","동사","강탈하다, 털다","Two men robbed the bank.","5","사회/제도","법","none",""
"role","role","명사","역할","She played the role of a princess.","5","취미/오락","공연","none",""
"rope","rope","명사","밧줄","Tie the boat with a rope.","5","사물","도구","object","둥글게 감긴 밧줄"
"route","route","명사","길, 노선","This is the shortest route to school.","5","교통","길","none",""
"row","row","명사","줄, 열","We sat in the front row.","5","위치/방향","위치","object","한 줄로 나란히 놓인 의자들"
"royal","royal","형용사","왕의, 왕실의","The royal family lives in the palace.","5","사회/제도","나라","none",""
"rub","rub","동사","문지르다","He rubbed his eyes.","5","동작","손 동작","none",""
"rude","rude","형용사","무례한","It is rude to talk with your mouth full.","5","성격","나쁜 성격","none",""
"ruin","ruin","동사","망치다","The rain ruined our picnic.","5","동작","변화","none",""
"rule","rule","명사","규칙","Follow the school rules.","5","사회/제도","법","none",""
"rush","rush","동사","서두르다, 급히 가다","We rushed to the station.","5","동작","움직임","none",""
"salary","salary","명사","월급","She gets a good salary.","5","돈","벌기","none",""
"sample","sample","명사","견본, 표본","Try a free sample of the cheese.","5","쇼핑","물건","none",""
"satisfy","satisfy","동사","만족시키다","The meal satisfied everyone.","5","감정","기쁨","none",""
"sauce","sauce","명사","소스","Put some tomato sauce on the pasta.","5","음식","양념","object","작은 그릇에 담긴 빨간 소스"
"scale","scale","명사","저울, 규모","Step on the scale.","5","사물","도구","object","둥근 눈금판이 있는 저울(숫자 없이)"
"scare","scare","동사","겁주다","The loud noise scared the cat.","5","감정","두려움","none",""
"scene","scene","명사","장면, 현장","I liked the last scene of the movie.","5","취미/오락","공연","none",""
"schedule","schedule","명사","일정, 시간표","I have a busy schedule today.","5","숫자/시간","계획","none",""
"scratch","scratch","동사","긁다, 할퀴다","The cat scratched the sofa.","5","동작","손 동작","none",""
"scream","scream","동사","비명을 지르다","She screamed when she saw the spider.","5","동작","소리","none",""
"secret","secret","명사","비밀","Can you keep a secret?","5","생각/소통","앎","scene","한 아이가 친구 귀에 손을 대고 속삭이는 장면"
"secretary","secretary","명사","비서","The secretary answered the phone.","5","직업","일","none",""
"section","section","명사","부분, 구역","The fruit section is over there.","5","위치/방향","위치","none",""
"secure","secure","형용사","안전한, 확실한","Keep your money in a secure place.","5","상태","위험","none",""
"seek","seek","동사","찾다, 구하다","They are seeking a new home.","5","동작","찾기","none",""
"seem","seem","동사","~처럼 보이다","You seem tired today.","5","상태","생각 상태","none",""
"select","select","동사","선택하다","Select the best answer.","5","생각/소통","판단","none",""
"self","self","명사","자기 자신","Be your true self.","5","사람/가족","나","none",""
"senior","senior","형용사","선배의, 고령의","She is my senior at school.","5","사람/가족","관계","none",""
"sense","sense","명사","감각, 의미","Dogs have a good sense of smell.","5","몸","감각","none",""
"separate","separate","동사","분리하다","Separate the paper from the plastic.","5","환경","쓰레기","object","종이·플라스틱·캔이 따로 담긴 분리수거함 세 개(글자 없이)"
"series","series","명사","연속, 시리즈","I watched a series about animals.","5","취미/오락","방송","none",""
"serve","serve","동사","음식을 내다, 봉사하다","They serve lunch at noon.","5","음식","식당","none",""
"session","session","명사","시간, 모임","We have a training session after school.","5","숫자/시간","기간","none",""
"settle","settle","동사","정착하다, 해결하다","They settled in a small town.","5","동작","변화","none",""
"several","several","형용사","몇몇의","I have several questions.","5","기능어","수량","none",""
"sew","sew","동사","바느질하다","Grandma sewed a button on my shirt.","5","동작","만들기","scene","할머니가 바늘과 실로 단추를 다는 장면"
"sex","sex","명사","성, 성별","Write your name, age, and sex.","5","사람/가족","성별","none",""
"shade","shade","명사","그늘","We sat in the shade of a tree.","5","자연/날씨","빛","scene","큰 나무 그늘 아래에 앉아 쉬는 아이"
"shadow","shadow","명사","그림자","My shadow is long in the evening.","5","자연/날씨","빛","object","아이와 바닥에 길게 드리운 그림자"
"shame","shame","명사","부끄러움, 유감","It is a shame that you missed the show.","5","감정","부끄러움","none",""
"sharp","sharp","형용사","날카로운","Be careful with the sharp knife.","5","모양","끝 모양","none",""
"shave","shave","동사","면도하다","Dad shaves every morning.","5","일상생활","몸단장","none",""
"shell","shell","명사","조개껍데기, 껍질","We collected shells on the beach.","5","자연/날씨","바다","object","여러 모양의 조개껍데기"
"shelter","shelter","명사","보호소, 피난처","The dog lives in an animal shelter.","5","장소","건물","none",""
"shift","shift","동사","옮기다, 바꾸다","He shifted the box to the corner.","5","동작","변화","none",""
"shine","shine","동사","빛나다","The stars shine at night.","5","자연/날씨","빛","object","반짝이는 별과 빛나는 해"
"shock","shock","명사","충격","The news was a big shock.","5","감정","놀람","none",""
"shore","shore","명사","바닷가, 호숫가","We walked along the shore.","5","자연/날씨","바다","none",""
"sight","sight","명사","시력, 광경","The sunset was a beautiful sight.","5","몸","감각","none",""
"similar","similar","형용사","비슷한","Our bags are very similar.","5","상태","비교","none",""
"simple","simple","형용사","간단한, 단순한","The rule is simple.","5","상태","정도","none",""
"since","since","접속사","~한 이후로, ~이므로","I have lived here since 2020.","5","기능어","시간","none",""
"single","single","형용사","단 하나의, 혼자의","I did not say a single word.","5","숫자/시간","수","none",""
"site","site","명사","장소, 현장, 사이트","This is the site of the old castle.","5","장소","장소 일반","none",""
"situate","situate","동사","위치시키다","The hotel is situated by the sea.","5","위치/방향","위치","none",""
"skill","skill","명사","기술, 솜씨","Cooking is a useful skill.","5","상태","능력","none",""
"slave","slave","명사","노예","Slaves were not free long ago.","5","사회/제도","사람","none",""
"slight","slight","형용사","약간의","I have a slight headache.","5","상태","정도","none",""
"slip","slip","동사","미끄러지다","I slipped on the ice.","5","동작","움직임","scene","아이가 얼음 위에서 미끄러져 엉덩방아를 찧는 장면(웃는 얼굴)"
"smash","smash","동사","박살 내다","The ball smashed the window.","5","동작","변화","none",""
"snap","snap","동사","딱 부러지다, 사진을 찍다","The stick snapped in two.","5","동작","변화","none",""
"social","social","형용사","사회의, 사교적인","Humans are social animals.","5","사회/제도","사람","none",""
"society","society","명사","사회","We live in a changing society.","5","사회/제도","사람","none",""
"soldier","soldier","명사","군인","The soldier came home safely.","5","직업","안전","object","군복을 입고 경례하는 군인"
"solve","solve","동사","풀다, 해결하다","Can you solve this math problem?","5","교실 영어","과제","none",""
"somewhat","somewhat","부사","다소, 약간","The test was somewhat difficult.","5","기능어","정도","none",""
"sore","sore","형용사","아픈, 쓰린","I have a sore throat.","5","건강/질병","아픔","none",""
"sort","sort","명사","종류","What sort of music do you like?","5","학문/지식","분류","none",""
"soul","soul","명사","영혼","Music is good for the soul.","5","생각/소통","마음","none",""
"source","source","명사","원천, 출처","The sun is a source of energy.","5","학문/지식","연구","none",""
"spare","spare","형용사","여분의","Do you have a spare pen?","5","숫자/시간","양","none",""
"species","species","명사","(생물) 종","There are many species of birds.","5","과학","생물","none",""
"specific","specific","형용사","구체적인, 특정한","Give me a specific example.","5","상태","정도","none",""
"speech","speech","명사","연설, 말","She gave a speech at the school festival.","5","생각/소통","말","scene","아이가 단상에서 마이크 앞에 서서 말하는 장면"
"spin","spin","동사","돌다, 돌리다","The top spins on the floor.","5","동작","움직임","object","빙글빙글 도는 팽이"
"spirit","spirit","명사","정신, 영혼","The team has a strong spirit.","5","생각/소통","마음","none",""
"spoil","spoil","동사","망치다, 상하다","The milk spoiled in the sun.","5","동작","변화","none",""
"sponsor","sponsor","명사","후원자","The company is a sponsor of the team.","5","일/경제","돈","none",""
"spot","spot","명사","점, 장소","This is a good spot for a picnic.","5","모양","무늬","none",""
"spray","spray","동사","뿌리다","Spray water on the plants.","5","동작","손 동작","object","분무기에서 물이 뿜어져 나오는 모습"
"spread","spread","동사","펴다, 퍼지다","Spread butter on the bread.","5","동작","손 동작","scene","아이가 빵에 버터를 펴 바르는 장면"
"spy","spy","명사","스파이, 첩자","The movie is about a spy.","5","독해/이야기","이야기 인물","none",""
"stable","stable","형용사","안정된","The ladder is not stable.","5","상태","모양·상태","none",""
"stage","stage","명사","무대, 단계","The singer came onto the stage.","5","취미/오락","공연","object","커튼과 조명이 있는 빈 무대"
"standard","standard","명사","기준, 표준","The hotel has high standards.","5","학문/지식","평가","none",""
"stare","stare","동사","빤히 쳐다보다","It is rude to stare at people.","5","동작","보기","none",""
"state","state","명사","상태, 주(州)","The house is in a bad state.","5","사회/제도","나라","none",""
"steady","steady","형용사","꾸준한, 안정된","She made steady progress.","5","상태","정도","none",""
"steal","steal","동사","훔치다","Someone stole my bike.","5","사회/제도","법","none",""
"steel","steel","명사","강철","The bridge is made of steel.","5","재료","금속","none",""
"still","still","부사","아직도, 여전히","It is still raining.","5","기능어","시간","none",""
"stir","stir","동사","젓다","Stir the soup slowly.","5","동작","요리","scene","아이가 냄비 안을 국자로 젓는 장면"
"stock","stock","명사","재고, 주식","The shop has a large stock of shoes.","5","일/경제","장사","none",""
"strategy","strategy","명사","전략","Our team needs a new strategy.","5","생각/소통","계획","none",""
"stream","stream","명사","시내, 개울","Fish swim in the stream.","5","자연/날씨","물","object","돌 사이로 흐르는 작은 개울"
"stress","stress","명사","스트레스, 강세","Exercise helps reduce stress.","5","건강/질병","마음","none",""
"stretch","stretch","동사","늘이다, 기지개를 켜다","Stretch your arms before you swim.","5","동작","몸 동작","scene","아이가 두 팔을 위로 쭉 뻗어 기지개를 켜는 장면"
"string","string","명사","끈, 줄","Tie the box with string.","5","사물","도구","object","둥글게 감긴 실뭉치와 끈"
"structure","structure","명사","구조, 건축물","The bridge is a huge structure.","5","학문/지식","개념","none",""
"struggle","struggle","동사","애쓰다, 싸우다","He struggled to open the jar.","5","동작","노력","none",""
"studio","studio","명사","작업실, 스튜디오","The artist works in her studio.","5","장소","일터","none",""
"stuff","stuff","명사","물건, 것","Put your stuff in the bag.","5","사물","물건 일반","none",""
"succeed","succeed","동사","성공하다","If you try hard, you will succeed.","5","동작","노력","none",""
"success","success","명사","성공","The festival was a great success.","5","상태","결과","none",""
"such","such","형용사","그러한, 매우 ~한","It was such a nice day.","5","기능어","정도","none",""
"sudden","sudden","형용사","갑작스러운","There was a sudden noise.","5","숫자/시간","때","none",""
"suffer","suffer","동사","고통받다, 겪다","She suffers from headaches.","5","건강/질병","아픔","none",""
"suggest","suggest","동사","제안하다","I suggest we take a break.","5","생각/소통","말","none",""
"suit","suit","명사","정장","Dad wore a suit to the wedding.","5","옷","겉옷","object","넥타이를 맨 남자 정장 한 벌"
"sum","sum","명사","합계, 금액","The sum of two and three is five.","5","학문/지식","수학","none",""
"super","super","형용사","대단한, 굉장한","We had a super time at the park.","5","상태","평가","none",""
"supply","supply","동사","공급하다","The river supplies water to the town.","5","일/경제","경제","none",""
"support","support","동사","지지하다, 받치다","My family always supports me.","5","동작","도움","none",""
"suppose","suppose","동사","생각하다, 가정하다","I suppose you are right.","5","생각/소통","생각","none",""
"surface","surface","명사","표면","The surface of the lake is calm.","5","위치/방향","위치","none",""
"surround","surround","동사","둘러싸다","Trees surround the house.","5","위치/방향","위치","object","나무들로 빙 둘러싸인 작은 집"
"survey","survey","명사","설문 조사","We did a survey about favorite foods.","5","학문/지식","연구","none",""
"survive","survive","동사","살아남다","Plants need water to survive.","5","상태","생명","none",""
"suspect","suspect","동사","의심하다","I suspect he is hiding something.","5","생각/소통","생각","none",""
"swallow","swallow","동사","삼키다","Chew well before you swallow.","5","동작","입 동작","none",""
"sweep","sweep","동사","쓸다","I swept the floor with a broom.","5","집/가구","청소","scene","아이가 빗자루로 바닥을 쓰는 장면"
"system","system","명사","체계, 시스템","The subway system is easy to use.","5","학문/지식","개념","none",""
"tale","tale","명사","이야기","Grandpa told us a fairy tale.","5","독해/이야기","이야기","none",""
"tank","tank","명사","수조, 탱크","There are three fish in the tank.","5","사물","집 물건","object","물고기가 헤엄치는 어항"
"tap","tap","동사","가볍게 두드리다","She tapped me on the shoulder.","5","동작","손 동작","none",""
"target","target","명사","목표, 과녁","The arrow hit the target.","5","생각/소통","계획","none",""
"tax","tax","명사","세금","People pay tax to the government.","5","돈","쓰기","none",""
"technique","technique","명사","기법, 기술","She learned a new painting technique.","5","학문/지식","연구","none",""
"teenage","teenage","형용사","십 대의","She has two teenage brothers.","5","사람/가족","나이","none",""
"tend","tend","동사","~하는 경향이 있다","I tend to wake up early.","5","상태","습관","none",""
"tense","tense","형용사","긴장한","I felt tense before the game.","5","감정","걱정","none",""
"term","term","명사","학기, 용어","The new term starts in March.","5","학교/문구","학교생활","none",""
"terrible","terrible","형용사","끔찍한, 심한","I had a terrible headache.","5","상태","평가","none",""
"text","text","명사","글, 문자","Read the text and answer the questions.","5","교실 영어","읽기","none",""
"theory","theory","명사","이론","He has a theory about the stars.","5","학문/지식","개념","none",""
"therefore","therefore","부사","그러므로","It rained; therefore, we stayed home.","5","기능어","연결","none",""
"thief","thief","명사","도둑","The thief ran away.","5","사회/제도","법","none",""
"though","though","접속사","비록 ~이지만","Though he was tired, he kept working.","5","기능어","연결","none",""
"threat","threat","명사","위협","Pollution is a threat to the ocean.","5","상태","위험","none",""
"throat","throat","명사","목구멍","My throat hurts.","5","몸","얼굴","none",""
"thus","thus","부사","따라서, 이렇게","He studied hard and thus passed the test.","5","기능어","연결","none",""
"tide","tide","명사","밀물과 썰물, 조수","The tide is coming in.","5","자연/날씨","바다","none",""
"tight","tight","형용사","꽉 끼는, 단단한","These shoes are too tight.","5","옷","입기","none",""
"tin","tin","명사","깡통, 주석","Open the tin of tuna.","5","재료","금속","object","뚜껑이 열린 깡통"
"tip","tip","명사","끝, 조언, 팁","She gave me a tip for studying.","5","생각/소통","말","none",""
"tone","tone","명사","어조, 음색","He spoke in a friendly tone.","5","생각/소통","말","none",""
"tool","tool","명사","도구","A hammer is a useful tool.","5","사물","도구","object","망치·드라이버·렌치가 나란히 놓인 모습"
"topic","topic","명사","주제","The topic of today is animals.","5","교실 영어","수업","none",""
"total","total","명사","합계, 총","The total is twenty dollars.","5","숫자/시간","수","none",""
"tough","tough","형용사","힘든, 강한","It was a tough game.","5","상태","정도","none",""
"tour","tour","명사","여행, 관광","We took a bus tour of the city.","5","취미/오락","여행","none",""
"toward","toward","전치사","~쪽으로","He walked toward the door.","5","위치/방향","방향","none",""
"tower","tower","명사","탑","We went up the tower.","5","장소","건물","object","하늘로 높이 솟은 탑"
"trace","trace","동사","따라 그리다, 추적하다","Trace the letters with your pencil.","5","교실 영어","쓰기","none",""
"trade","trade","명사","무역, 거래","Trade between the two countries grew.","5","일/경제","경제","none",""
"tradition","tradition","명사","전통","It is a Korean tradition to bow.","5","나라/세계","문화","none",""
"traffic","traffic","명사","교통","There is a lot of traffic in the morning.","5","교통","길","object","길게 줄지어 선 자동차들"
"transfer","transfer","동사","옮기다, 갈아타다","Transfer to line two at this station.","5","교통","타기","none",""
"transport","transport","명사","수송, 교통수단","I use public transport every day.","5","교통","탈것","none",""
"trap","trap","명사","덫","The mouse did not go into the trap.","5","사물","도구","none",""
"tray","tray","명사","쟁반","Carry the cups on a tray.","5","집/가구","부엌","object","컵 두 개가 놓인 쟁반"
"treat","treat","동사","대하다, 치료하다, 대접하다","Treat others kindly.","5","동작","돌봄","none",""
"trick","trick","명사","속임수, 마술","He showed us a card trick.","5","취미/오락","놀이","none",""
"trouble","trouble","명사","문제, 곤란","I had trouble opening the door.","5","상태","위험","none",""
"trunk","trunk","명사","나무 줄기, (자동차) 트렁크, 코끼리 코","The elephant lifted its trunk.","5","자연/날씨","식물","none",""
"trust","trust","동사","믿다, 신뢰하다","I trust my best friend.","5","생각/소통","생각","none",""
"truth","truth","명사","진실","Always tell the truth.","5","생각/소통","앎","none",""
"tune","tune","명사","곡조, 선율","She hummed a happy tune.","5","음악","노래","none",""
"twin","twin","명사","쌍둥이","My sister and I are twins.","5","사람/가족","가족","scene","똑같이 생긴 두 아이가 나란히 서 있는 장면"
"twist","twist","동사","비틀다, 꼬다","Twist the cap to open the bottle.","5","동작","손 동작","none",""
"unit","unit","명사","단원, 단위","We are on unit three of the book.","5","교실 영어","수업","none",""
"unite","unite","동사","합치다, 단결하다","The players united as one team.","5","사회/제도","조직","none",""
"university","university","명사","대학교","My brother studies at a university.","5","장소","학교","none",""
"unless","unless","접속사","~하지 않으면","You will be late unless you hurry.","5","기능어","연결","none",""
"upon","upon","전치사","~위에","Once upon a time, there was a king.","5","기능어","위치","none",""
"upper","upper","형용사","위쪽의","My room is on the upper floor.","5","위치/방향","위치","none",""
"value","value","명사","가치","This ring has great value.","5","사회/제도","가치","none",""
"various","various","형용사","다양한","The shop sells various kinds of bread.","5","상태","정도","none",""
"vary","vary","동사","서로 다르다, 달라지다","Prices vary from shop to shop.","5","상태","비교","none",""
"vehicle","vehicle","명사","차량, 탈것","A bus is a large vehicle.","5","교통","탈것","none",""
"version","version","명사","버전, 판","This is the new version of the game.","5","과학기술","컴퓨터","none",""
"victim","victim","명사","피해자","They helped the victims of the flood.","5","사회/제도","사건","none",""
"view","view","명사","경치, 견해","The room has a view of the sea.","5","자연/날씨","풍경","scene","아이가 창밖으로 바다 경치를 바라보는 장면"
"villa","villa","명사","별장, 빌라","They stayed at a villa by the sea.","5","장소","건물","none",""
"violent","violent","형용사","폭력적인, 격렬한","I do not like violent movies.","5","성격","나쁜 성격","none",""
"vision","vision","명사","시력, 전망","He has good vision.","5","몸","감각","none",""
"volume","volume","명사","음량, 부피, 권","Turn down the volume, please.","5","숫자/시간","양","none",""
"volunteer","volunteer","명사","자원봉사자","She works as a volunteer at the hospital.","5","사회/제도","도움","scene","조끼를 입은 아이들이 쓰레기를 줍는 봉사 장면"
"vote","vote","동사","투표하다","We voted for the class president.","5","사회/제도","선거","scene","아이가 투표함에 종이를 넣는 장면(글자 없이)"
"wage","wage","명사","임금","The workers asked for higher wages.","5","돈","벌기","none",""
"warn","warn","동사","경고하다","I warned him about the dog.","5","생각/소통","말","none",""
"weapon","weapon","명사","무기","A sword is an old weapon.","5","사물","도구","none",""
"weigh","weigh","동사","무게가 ~이다, 무게를 달다","How much do you weigh?","5","학문/지식","수학","none",""
"wheel","wheel","명사","바퀴","A bike has two wheels.","5","교통","탈것 부품","object","자전거 바퀴 하나"
"whether","whether","접속사","~인지 아닌지","I do not know whether he will come.","5","기능어","연결","none",""
"while","while","접속사","~하는 동안","I read a book while I waited.","5","기능어","시간","none",""
"whistle","whistle","명사","호루라기, 휘파람","The referee blew the whistle.","5","스포츠","도구","object","끈이 달린 호루라기"
"whole","whole","형용사","전체의","I ate the whole pizza.","5","숫자/시간","양","none",""
"wild","wild","형용사","야생의","Wild animals live in the forest.","5","동물","야생","none",""
"wipe","wipe","동사","닦다","Wipe the table with a cloth.","5","집/가구","청소","scene","아이가 행주로 식탁을 닦는 장면"
"wire","wire","명사","철사, 전선","The fence is made of wire.","5","재료","금속","none",""
"wise","wise","형용사","현명한","My grandmother is very wise.","5","성격","좋은 성격","none",""
"within","within","전치사","~이내에","Come back within an hour.","5","기능어","시간","none",""
"without","without","전치사","~없이","I cannot see without my glasses.","5","기능어","연결","none",""
"worth","worth","형용사","~의 가치가 있는","The book is worth reading.","5","사회/제도","가치","none",""
"would","would","조동사","~할 것이다, ~하곤 했다","I would like some water.","5","기능어","조동사","none",""
"wound","wound","명사","상처","The nurse cleaned the wound.","5","건강/질병","다침","none",""
"wrap","wrap","동사","싸다, 포장하다","She wrapped the gift in blue paper.","5","동작","손 동작","scene","아이가 선물 상자를 포장지로 싸는 장면"
